,tool.word,useStopwords,classifier,micro-F1,time.format.train,time.format.evaluate,time.format.all
0,gensim,NO,RandomForest,0.43786510886882635,0:00:01.190000,0:00:00.156000,0:00:01.346000
1,gensim,NO,SVM,0.8309877854487521,0:00:14,0:00:00.074900,0:00:14.074900
2,gensim,NO,sk-NN,0.8167817312798725,0:01:44,0:00:00.188000,0:01:44.188000
